dataset,solver,nfe,fid,fid_num,variant,snapshot
imagenet64,dlms,4,7.8468,50000,ema_3,/arf/scratch/agulbeden/solver_distillation/results/runs/imagenet64-nfe4/snapshot-020000.pt
ffhq,dlms,9,5.4310,50000,ema_3,/arf/scratch/agulbeden/solver_distillation/results/runs/ffhq-nfe9/snapshot-020000.pt
ffhq,dlms,10,5.2204,50000,ema_1,/arf/scratch/agulbeden/solver_distillation/results/runs/ffhq-nfe10/snapshot-020000.pt
imagenet64,dlms,5,5.7834,50000,ema_1,/arf/scratch/agulbeden/solver_distillation/results/runs/imagenet64-nfe5/snapshot-020000.pt
imagenet64,dlms,6,4.9999,50000,raw,/arf/scratch/agulbeden/solver_distillation/results/runs/imagenet64-nfe6/snapshot-020000.pt
imagenet64,dlms,7,4.4813,50000,ema_1,/arf/scratch/agulbeden/solver_distillation/results/runs/imagenet64-nfe7/snapshot-020000.pt
imagenet64,dlms,8,4.9673,50000,ema_1,/arf/scratch/agulbeden/solver_distillation/results/runs/imagenet64-nfe8/snapshot-020000.pt
ffhq,dlms,7,5.4387,50000,ema_1,/arf/scratch/agulbeden/solver_distillation/results/runs/ffhq-nfe7/snapshot-020000.pt
ffhq,dlms,5,7.0520,50000,raw,/arf/scratch/agulbeden/solver_distillation/results/runs/ffhq-nfe5/snapshot-020000.pt
ffhq,dlms,6,6.7103,50000,ema_1,/arf/scratch/agulbeden/solver_distillation/results/runs/ffhq-nfe6/snapshot-020000.pt
ffhq,dlms,8,5.6044,50000,ema_1,/arf/scratch/agulbeden/solver_distillation/results/runs/ffhq-nfe8/snapshot-020000.pt
ffhq,dlms,4,8.3911,50000,raw,/arf/scratch/agulbeden/solver_distillation/results/runs/ffhq-nfe4/snapshot-020000.pt
imagenet64,dlms,9,4.5029,50000,ema_1,/arf/scratch/agulbeden/solver_distillation/results/runs/imagenet64-nfe9/snapshot-020000.pt
imagenet64,dlms,10,4.1378,50000,ema_1,/arf/scratch/agulbeden/solver_distillation/results/runs/imagenet64-nfe10/snapshot-020000.pt
cifar10,dlms_wo_afs,4,5.8917,50000,ema_3,/arf/scratch/agulbeden/solver_distillation/results/runs/cifar10-nfe4-wo_afs/snapshot-020032.pt
cifar10,dlms_wo_afs,8,3.4704,50000,ema_3,/arf/scratch/agulbeden/solver_distillation/results/runs/cifar10-nfe8-wo_afs/snapshot-020032.pt
cifar10,dlms_wo_afs,6,3.9675,50000,ema_3,/arf/scratch/agulbeden/solver_distillation/results/runs/cifar10-nfe6-wo_afs/snapshot-020032.pt
cifar10,dlms_wo_afs,10,4.0529,50000,ema_3,/arf/scratch/agulbeden/solver_distillation/results/runs/cifar10-nfe10-wo_afs/snapshot-020032.pt
cifar10,dlms_wo_bottleneck,4,5.1909,50000,ema_1,/arf/scratch/agulbeden/solver_distillation/results/runs/cifar10-nfe4-wo_bottleneck/snapshot-020032.pt
cifar10,dlms_wo_bottleneck,6,5.3585,50000,ema_3,/arf/scratch/agulbeden/solver_distillation/results/runs/cifar10-nfe6-wo_bottleneck/snapshot-020032.pt
cifar10,dlms_wo_bottleneck,10,5.3946,50000,ema_3,/arf/scratch/agulbeden/solver_distillation/results/runs/cifar10-nfe10-wo_bottleneck/snapshot-020032.pt
cifar10,dlms_wo_bottleneck,8,5.2868,50000,ema_3,/arf/scratch/agulbeden/solver_distillation/results/runs/cifar10-nfe8-wo_bottleneck/snapshot-020032.pt
cifar10,dlms_wo_high_order,4,4.8810,50000,ema_1,/arf/scratch/agulbeden/solver_distillation/results/runs/cifar10-nfe4-wo_high_order/snapshot-020032.pt
cifar10,dlms_wo_high_order,10,2.8011,50000,ema_1,/arf/scratch/agulbeden/solver_distillation/results/runs/cifar10-nfe10-wo_high_order/snapshot-020032.pt
cifar10,dlms_wo_high_order,6,3.7472,50000,ema_1,/arf/scratch/agulbeden/solver_distillation/results/runs/cifar10-nfe6-wo_high_order/snapshot-020032.pt
cifar10,dlms_wo_high_order,8,3.1958,50000,ema_2,/arf/scratch/agulbeden/solver_distillation/results/runs/cifar10-nfe8-wo_high_order/snapshot-020032.pt
cifar10,dlms_wo_inception,4,10.0823,50000,raw,/arf/scratch/agulbeden/solver_distillation/results/runs/cifar10-nfe4-wo_inception/snapshot-020032.pt
cifar10,dlms_wo_inception,6,6.7978,50000,ema_3,/arf/scratch/agulbeden/solver_distillation/results/runs/cifar10-nfe6-wo_inception/snapshot-020032.pt
cifar10,dlms_wo_inception,8,4.7340,50000,ema_3,/arf/scratch/agulbeden/solver_distillation/results/runs/cifar10-nfe8-wo_inception/snapshot-020032.pt
cifar10,dlms_wo_inception,10,4.3785,50000,ema_1,/arf/scratch/agulbeden/solver_distillation/results/runs/cifar10-nfe10-wo_inception/snapshot-020032.pt
cifar10,dlms_wo_time_scaling,4,7.9282,50000,raw,/arf/scratch/agulbeden/solver_distillation/results/runs/cifar10-nfe4-wo_time_scaling/snapshot-020032.pt
cifar10,dlms_wo_time_scaling,6,3.8971,50000,ema_1,/arf/scratch/agulbeden/solver_distillation/results/runs/cifar10-nfe6-wo_time_scaling/snapshot-020032.pt
cifar10,dlms_wo_time_scaling,10,3.2935,50000,raw,/arf/scratch/agulbeden/solver_distillation/results/runs/cifar10-nfe10-wo_time_scaling/snapshot-020032.pt
cifar10,dlms_wo_time_scaling,8,3.1781,50000,raw,/arf/scratch/agulbeden/solver_distillation/results/runs/cifar10-nfe8-wo_time_scaling/snapshot-020032.pt
cifar10,dlms_wo_adaptive_schedule,4,5.4798,50000,ema_2,/arf/scratch/agulbeden/solver_distillation/results/runs/cifar10-nfe4-wo_adaptive_schedule/snapshot-020032.pt
cifar10,dlms_wo_adaptive_schedule,6,4.7060,50000,ema_3,/arf/scratch/agulbeden/solver_distillation/results/runs/cifar10-nfe6-wo_adaptive_schedule/snapshot-020032.pt
cifar10,dlms_wo_adaptive_schedule,10,4.0995,50000,ema_1,/arf/scratch/agulbeden/solver_distillation/results/runs/cifar10-nfe10-wo_adaptive_schedule/snapshot-020032.pt
cifar10,dlms_wo_adaptive_schedule,8,4.3092,50000,raw,/arf/scratch/agulbeden/solver_distillation/results/runs/cifar10-nfe8-wo_adaptive_schedule/snapshot-020032.pt
cifar10,dlms,10,5.2171,50000,ema_3,/arf/scratch/agulbeden/solver_distillation/results/runs/cifar10-nfe10/snapshot-020032.pt
cifar10,dlms,4,4.7811,50000,raw,/arf/scratch/agulbeden/solver_distillation/results/runs/cifar10-nfe4/snapshot-020032.pt
cifar10,dlms,9,3.8823,50000,raw,/arf/scratch/agulbeden/solver_distillation/results/runs/cifar10-nfe9/snapshot-020032.pt
cifar10,dlms,5,4.3161,50000,raw,/arf/scratch/agulbeden/solver_distillation/results/runs/cifar10-nfe5/snapshot-020032.pt
cifar10,dlms,6,5.4929,50000,ema_3,/arf/scratch/agulbeden/solver_distillation/results/runs/cifar10-nfe6/snapshot-020032.pt
cifar10,dlms,7,4.3904,50000,ema_3,/arf/scratch/agulbeden/solver_distillation/results/runs/cifar10-nfe7/snapshot-020032.pt
cifar10,dlms,8,4.4239,50000,ema_1,/arf/scratch/agulbeden/solver_distillation/results/runs/cifar10-nfe8/snapshot-020032.pt
